{
  "config": {
    "model_params": {
      "d_model": 256,
      "n_heads": 8,
      "n_layers": 6,
      "d_ff": 1024,
      "dropout": 0.1,
      "max_seq_len": 60
    },
    "training_params": {
      "learning_rate": 0.0001,
      "batch_size": 32,
      "n_epochs": 100,
      "warmup_steps": 1000,
      "weight_decay": 1e-05
    },
    "environment_params": {
      "initial_amount": 100000,
      "transaction_cost_pct": 0.001,
      "sequence_length": 50
    }
  },
  "feature_names": [
    "open",
    "high",
    "low",
    "close",
    "volume",
    "sma_5",
    "sma_12",
    "sma_24",
    "sma_48",
    "sma_144",
    "ema_5",
    "ema_12",
    "ema_24",
    "macd",
    "macd_signal",
    "macd_histogram",
    "rsi_14",
    "rsi_24",
    "rsi_48",
    "bb_high",
    "bb_low",
    "bb_mid",
    "bb_width",
    "bb_position",
    "atr_14",
    "volatility_12",
    "volatility_24",
    "volatility_48",
    "volume_ratio",
    "volume_osc",
    "stoch_k",
    "stoch_d",
    "williams_r",
    "adx",
    "cci",
    "returns_1",
    "returns_12",
    "returns_24",
    "returns_48",
    "log_returns",
    "price_momentum_12",
    "price_momentum_24",
    "price_momentum_48",
    "trend_strength",
    "market_regime",
    "price_range",
    "body_size",
    "upper_shadow",
    "lower_shadow",
    "minute_sin",
    "minute_cos",
    "hour_sin",
    "hour_cos",
    "dow_sin",
    "dow_cos"
  ],
  "train_losses": [
    43.49930133737427,
    43.499105171943945,
    43.49709051836657,
    43.497158371132414,
    43.497065624768155,
    43.503934725296,
    43.497083572950025,
    43.49708542509653,
    43.497021102778255,
    43.49709025356205,
    43.497088473398215,
    43.49711642046771,
    43.497245962094546,
    43.497214850920734,
    43.497108508486846,
    43.497027797955525
  ],
  "val_losses": [
    2.3968201931339155,
    2.3972990492683945,
    2.3972635959578787,
    2.3972913640600417,
    2.397267133683087,
    2.3972811728756223,
    2.397294993571564,
    2.397264678923461,
    2.3972930205691005,
    2.3972770557190635,
    2.3972918496080275,
    2.3972741809039704,
    2.397294388814289,
    2.397282846725681,
    2.3972879023932636,
    2.3972892697512376
  ],
  "validation_results": {
    "test_mse": 4.060355186462402,
    "test_mae": 1.2478946447372437,
    "test_r2": -0.09162259101867676,
    "direction_accuracy": 1.0,
    "predicted_volatility": "0.5286786",
    "actual_volatility": "1.9286159",
    "best_val_loss": 2.3968201931339155,
    "total_epochs": 16
  },
  "data_shape": [
    630721,
    55
  ],
  "model_path": "./models/transformer_crypto_5min.pth"
}